companyName,ticker,listPrice,listingDate
Agilent Technologies,A,126,26/10/2022
Alcoa,AA,34,6/10/2022
Ares Acquisition,AAC,147,18/10/2022
ATA Creativity Global,AACG,78,24/10/2022
Armada Acquisition I,AACI,21,11/10/2022
Aadi Bioscience,AADI,32,9/10/2022
Arlington Asset Investment,AAIC,8,2/10/2022
American Airlines Group,AAL,109,2/10/2022
Altisource Asset Management,AAMC,104,26/10/2022
Atlantic American,AAME,62,17/10/2022
The Aaron's Company,AAN,94,30/10/2022
Applied Optoelectronics,AAOI,148,10/10/2022
"AAON, Inc.",AAON,70,21/10/2022
Advance Auto Parts,AAP,139,2/10/2022
Apple,AAPL,10,12/10/2022
Accelerate Acquisition,AAQC,135,14/10/2022
American Assets Trust,AAT,73,28/10/2022
Autoscope Technologies,AATC,3,1/10/2022
Almaden Minerals,AAU,133,2/10/2022
Atlas Air Worldwide Holdings,AAWW,122,29/10/2022
AllianceBernstein Holding,AB,26,27/10/2022
ABB Ltd,ABB,106,5/10/2022
AbbVie,ABBV,34,12/10/2022
AmerisourceBergen,ABC,36,21/10/2022
Ameris Bancorp,ABCB,45,21/10/2022
AbCellera Biologics,ABCL,102,3/10/2022
Abcam,ABCM,67,2/10/2022
Abeona Therapeutics,ABEO,95,14/10/2022
Ambev,ABEV,41,26/10/2022
Asbury Automotive Group,ABG,76,19/10/2022
ABG Acquisition I,ABGI,99,19/10/2022
ARCA biopharma,ABIO,79,20/10/2022
ABM Industries,ABM,44,29/10/2022
Abiomed,ABMD,4,27/10/2022
Airbnb,ABNB,118,5/10/2022
Acumen Pharmaceuticals,ABOS,94,14/10/2022
Arbor Realty Trust,ABR,106,6/10/2022
Absci,ABSI,142,22/10/2022
Absolute Software,ABST,102,3/10/2022
Abbott Laboratories,ABT,26,1/10/2022
Allegiance Bancshares,ABTX,96,14/10/2022
Arbutus Biopharma,ABUS,91,6/10/2022
ABVC BioPharma,ABVC,74,11/10/2022
Associated Capital Group,AC,131,22/10/2022
Arcosa,ACA,5,20/10/2022
Atlantic Coastal Acquisition II,ACAB,3,16/10/2022
Acri Capital Acquisition,ACAC,34,22/10/2022
ACADIA Pharmaceuticals,ACAD,92,2/10/2022
Atlantic Coastal Acquisition,ACAH,125,8/10/2022
Athena Consumer Acquisition,ACAQ,77,18/10/2022
Alset Capital Acquisition,ACAX,1,12/10/2022
Aurora Cannabis,ACB,65,28/10/2022
Ace Global Business Acquisition,ACBA,122,23/10/2022
Accolade,ACCD,91,20/10/2022
ACCO Brands,ACCO,64,23/10/2022
Ascendant Digital Acquisition III,ACDI,71,2/10/2022
Accel Entertainment,ACEL,42,9/10/2022
Acer Therapeutics,ACER,114,1/10/2022
Adicet Bio,ACET,44,30/10/2022
ACE Convergence Acquisition,ACEV,40,30/10/2022
Arch Capital Group,ACGL,91,3/10/2022
Aluminum Corporation of China,ACH,28,3/10/2022
Acadia Healthcare Company,ACHC,37,12/10/2022
Achilles Therapeutics,ACHL,139,30/10/2022
Archer Aviation,ACHR,106,13/10/2022
Achieve Life Sciences,ACHV,46,19/10/2022
Albertsons Companies,ACI,74,15/10/2022
Atlas Crest Investment II,ACII,39,29/10/2022
AC Immune,ACIU,139,13/10/2022
ACI Worldwide,ACIW,19,19/10/2022
Ackrell SPAC Partners I Co.,ACKIT,147,10/10/2022
Axcelis Technologies,ACLS,15,26/10/2022
Arcellx,ACLX,85,16/10/2022
AECOM,ACM,98,19/10/2022
ACM Research,ACMR,65,3/10/2022
Accenture,ACN,141,22/10/2022
ACNB Corporation,ACNB,112,2/10/2022
Ascent Industries Co.,ACNT,123,2/10/2022
Aclarion,ACON,146,23/10/2022
Acorda Therapeutics,ACOR,60,16/10/2022
Independence Holdings,ACQR,53,7/10/2022
ACRES Commercial Realty,ACR,102,6/10/2022
Ares Commercial Real Estate,ACRE,10,16/10/2022
Acropolis Infrastructure Acquisition,ACRO,46,18/10/2022
Aclaris Therapeutics,ACRS,112,1/10/2022
AcelRx Pharmaceuticals,ACRX,146,29/10/2022
Acasti Pharma,ACST,105,22/10/2022
Enact Holdings,ACT,55,4/10/2022
Acacia Research,ACTG,118,23/10/2022
Acme United,ACU,135,4/10/2022
ACV Auctions,ACVA,85,24/10/2022
Acurx Pharmaceuticals,ACXP,80,10/10/2022
Adagene,ADAG,76,15/10/2022
Anthemis Digital Acquisitions I,ADAL,138,25/10/2022
Adaptimmune Therapeutics,ADAP,107,25/10/2022
Adobe,ADBE,56,1/10/2022
Agree Realty,ADC,109,15/10/2022
ADC Therapeutics,ADCT,148,4/10/2022
26 Capital Acquisition,ADER,104,5/10/2022
Advanced Emissions Solutions,ADES,98,24/10/2022
Adit EdTech Acquisition,ADEX,77,20/10/2022
Adagio Therapeutics,ADGI,111,29/10/2022
Analog Devices,ADI,58,15/10/2022
Adial Pharmaceuticals,ADIL,110,4/10/2022
Archer-Daniels-Midland Company,ADM,64,12/10/2022
ADMA Biologics,ADMA,67,3/10/2022
Adamis Pharmaceuticals,ADMP,126,21/10/2022
Advent Technologies Holdings,ADN,84,10/10/2022
Adient,ADNT,99,8/10/2022
Edoc Acquisition,ADOC,140,4/10/2022
Automatic Data Processing,ADP,22,3/10/2022
Adaptive Biotechnologies,ADPT,96,27/10/2022
Adara Acquisition,ADRA,57,7/10/2022
Ault Disruptive Technologies,ADRT,143,24/10/2022
ADS-TEC Energy Public Limited Company,ADSE,129,16/10/2022
Autodesk,ADSK,104,13/10/2022
ADT Inc.,ADT,147,2/10/2022
AdTheorent Holding Company,ADTH,140,6/10/2022
ADTRAN Holdings,ADTN,47,5/10/2022
Aditx,ADTX,30,27/10/2022
Addus HomeCare,ADUS,15,4/10/2022
Advantage Solutions,ADV,15,4/10/2022
Adverum Biotechnologies,ADVM,99,28/10/2022
Addex Therapeutics,ADXN,134,1/10/2022
Adams Resources & Energy,AE,88,29/10/2022
Authentic Equity Acquisition,AEAC,104,4/10/2022
AltEnergy Acquisition,AEAE,91,3/10/2022
Ameren,AEE,10,13/10/2022
Aegon,AEG,30,28/10/2022
Aesther Healthcare Acquisition,AEHA,39,28/10/2022
Antelope Enterprise Holdings,AEHL,37,20/10/2022
Aehr Test Systems,AEHR,126,17/10/2022
Alset EHome International,AEI,136,15/10/2022
Advanced Energy Industries,AEIS,4,12/10/2022
American Equity Investment Life Holding Company,AEL,63,7/10/2022
Agnico Eagle Mines,AEM,37,29/10/2022
Aethlon Medical,AEMD,88,16/10/2022
Aenza,AENZ,37,24/10/2022
American Eagle Outfitters,AEO,62,14/10/2022
American Electric Power Company,AEP,123,2/10/2022
AerCap Holdings,AER,117,13/10/2022
AeroClean Technologies,AERC,117,17/10/2022
Aerie Pharmaceuticals,AERI,137,8/10/2022
The AES Corporation,AES,107,30/10/2022
Allied Esports Entertainment,AESE,117,21/10/2022
Aeva Technologies,AEVA,41,1/10/2022
ADDvantage Technologies Group,AEY,43,23/10/2022
AudioEye,AEYE,74,6/10/2022
AEterna Zentaris,AEZS,4,22/10/2022
Arena Fortify Acquisition,AFAC,127,17/10/2022
AF Acquisition,AFAQ,11,8/10/2022
Aura FAT Projects Acquisition,AFAR,5,9/10/2022
Affinity Bancshares,AFBI,56,25/10/2022
AFC Gamma,AFCG,144,8/10/2022
American Financial Group,AFG,41,3/10/2022
Acutus Medical,AFIB,17,25/10/2022
Aflac,AFL,85,24/10/2022
Affimed,AFMD,104,4/10/2022
Forafric Global,AFRI,66,23/10/2022
Affirm Holdings,AFRM,95,7/10/2022
AfterNext HealthTech Acquisition,AFTR,124,22/10/2022
Afya Limited,AFYA,99,10/10/2022
First Majestic Silver,AG,96,7/10/2022
African Gold Acquisition,AGAC,32,30/10/2022
AGBA Acquisition,AGBA,78,15/10/2022
Altimeter Growth 2,AGCB,103,13/10/2022
AGCO Corporation,AGCO,30,29/10/2022
AgeX Therapeutics,AGE,43,21/10/2022
Agenus,AGEN,52,11/10/2022
AgroFresh Solutions,AGFS,16,9/10/2022
Agrify,AGFY,88,4/10/2022
Agile Growth,AGGR,79,18/10/2022
Alamos Gold,AGI,73,29/10/2022
AgileThought,AGIL,69,20/10/2022
Agios Pharmaceuticals,AGIO,51,4/10/2022
agilon health,AGL,136,16/10/2022
Aeglea Biotherapeutics,AGLE,111,17/10/2022
Federal Agricultural Mortgage,AGM,114,20/10/2022
Federal Agricultural Mortgage,AGM.A,30,20/10/2022
AGM Group Holdings,AGMH,2,12/10/2022
AGNC Investment,AGNC,101,25/10/2022
Assured Guaranty,AGO,5,21/10/2022
Avangrid,AGR,111,1/10/2022
AgriFORCE Growing Systems,AGRI,99,6/10/2022
Adecoagro,AGRO,119,12/10/2022
Agile Therapeutics,AGRX,6,24/10/2022
PlayAGS,AGS,133,4/10/2022
Applied Genetic Technologies,AGTC,98,28/10/2022
Agiliti,AGTI,120,5/10/2022
Argan,AGX,92,20/10/2022
Agilysys,AGYS,77,21/10/2022
AdaptHealth,AHCO,61,22/10/2022
Akso Health Group,AHG,141,28/10/2022
Armada Hoffler Properties,AHH,53,23/10/2022
Advanced Human Imaging,AHI,144,2/10/2022
Avista Public Acquisition II,AHPA,83,25/10/2022
Allied Healthcare Products,AHPI,135,12/10/2022
Ahren Acquisition,AHRN,98,1/10/2022
Ashford Hospitality Trust,AHT,85,5/10/2022
C3.ai,AI,112,15/10/2022
AIB Acquisition,AIB,9,12/10/2022
American International Group,AIG,49,14/10/2022
Aesthetic Medical International Holdings Group,AIH,26,21/10/2022
Senmiao Technology,AIHS,125,18/10/2022
AIkido Pharma,AIKI,89,17/10/2022
AIM ImmunoTech,AIM,38,21/10/2022
Aimfinity Investment I,AIMA,83,21/10/2022
Altra Industrial Motion,AIMC,144,21/10/2022
Albany International,AIN,19,5/10/2022
Ashford,AINC,133,15/10/2022
Arteris,AIP,29,13/10/2022
AAR Corp.,AIR,136,3/10/2022
Apartment Income REIT,AIRC,15,28/10/2022
Airgain,AIRG,86,18/10/2022
Air Industries Group,AIRI,114,15/10/2022
AirSculpt Technologies,AIRS,48,26/10/2022
Air T,AIRT,64,11/10/2022
Applied Industrial Technologies,AIT,125,3/10/2022
Meta Data,AIU,124,15/10/2022
Apartment Investment & Management Company,AIV,110,5/10/2022
Assurant,AIZ,77,3/10/2022
Arthur J. Gallagher & Company,AJG,139,30/10/2022
Aerojet Rocketdyne Holdings,AJRD,28,10/10/2022
Great Ajax,AJX,87,26/10/2022
a.k.a. Brands Holding,AKA,60,8/10/2022
Akamai Technologies,AKAM,65,13/10/2022
Akanda,AKAN,12,18/10/2022
Akebia Therapeutics,AKBA,132,4/10/2022
Sports Ventures Acquisition,AKIC,115,23/10/2022
Akili,AKLI,139,21/10/2022
Embotelladora Andina,AKO.A,81,15/10/2022
Embotelladora Andina,AKO.B,80,20/10/2022
Acadia Realty Trust,AKR,111,19/10/2022
Akero Therapeutics,AKRO,117,13/10/2022
Akoustis Technologies,AKTS,95,19/10/2022
Akari Therapeutics,AKTX,110,3/10/2022
Akumin,AKU,137,21/10/2022
Akouos,AKUS,40,10/10/2022
Akoya Biosciences,AKYA,11,18/10/2022
Air Lease,AL,101,25/10/2022
Albemarle,ALB,88,27/10/2022
Albireo Pharma,ALBO,2,9/10/2022
Alcon,ALC,62,29/10/2022
AltC Acquisition,ALCC,84,14/10/2022
Alico,ALCO,136,6/10/2022
Aldeyra Therapeutics,ALDX,143,11/10/2022
ALLETE,ALE,3,21/10/2022
Alector,ALEC,100,18/10/2022
Alexander & Baldwin,ALEX,97,17/10/2022
"ALFI, Inc.",ALF,147,9/10/2022
Alamo Group,ALG,40,1/10/2022
Allegro MicroSystems,ALGM,134,2/10/2022
Align Technology,ALGN,83,9/10/2022
Aligos Therapeutics,ALGS,9,27/10/2022
Allegiant Travel Company,ALGT,97,27/10/2022
Alignment Healthcare,ALHC,36,18/10/2022
Alimera Sciences,ALIM,3,23/10/2022
Alight,ALIT,77,15/10/2022
ALJ Regional Holdings,ALJJ,58,25/10/2022
Alaska Air Group,ALK,28,19/10/2022
Alkermes,ALKS,88,23/10/2022
Alkami Technology,ALKT,7,24/10/2022
The Allstate Corporation,ALL,28,30/10/2022
Allegion,ALLE,113,22/10/2022
Allego,ALLG,54,3/10/2022
Allakos,ALLK,17,14/10/2022
Allogene Therapeutics,ALLO,15,11/10/2022
Allarity Therapeutics,ALLR,35,15/10/2022
Allot,ALLT,132,6/10/2022
Ally Financial,ALLY,3,3/10/2022
Allena Pharmaceuticals,ALNA,50,4/10/2022
Alnylam Pharmaceuticals,ALNY,64,5/10/2022
ALSP Orchid Acquisition I,ALOR,134,6/10/2022
AstroNova,ALOT,17,10/10/2022
Alpha Healthcare Acquisition III,ALPA,27,25/10/2022
Alpine Immune Sciences,ALPN,86,24/10/2022
Alpine 4 Holdings,ALPP,137,4/10/2022
AlerisLife,ALR,40,13/10/2022
Alarm.com Holdings,ALRM,75,18/10/2022
Aileron Therapeutics,ALRN,20,15/10/2022
Alerus Financial,ALRS,37,6/10/2022
Alpha Star Acquisition,ALSA,98,13/10/2022
Allison Transmission Holdings,ALSN,3,3/10/2022
Altimmune,ALT,70,13/10/2022
Alta Equipment Group,ALTG,52,29/10/2022
Alto Ingredients,ALTO,136,10/10/2022
Altair Engineering,ALTR,88,21/10/2022
Altitude Acquisition,ALTU,60,8/10/2022
Autoliv,ALV,150,8/10/2022
Alvotech,ALVO,80,9/10/2022
AlloVir,ALVR,130,24/10/2022
Alexander's,ALX,77,18/10/2022
ALX Oncology Holdings,ALXO,55,14/10/2022
Alithya Group,ALYA,140,23/10/2022
Alzamend Neuro,ALZN,34,6/10/2022
Antero Midstream,AM,129,3/10/2022
Amalgamated Financial,AMAL,102,4/10/2022
Ambrx Biopharma,AMAM,35,25/10/2022
American Acquisition Opportunity,AMAO,82,13/10/2022
Applied Materials,AMAT,35,27/10/2022
Ambarella,AMBA,74,6/10/2022
Ambac Financial Group,AMBC,7,8/10/2022
Ambow Education Holding,AMBO,133,10/10/2022
Ardagh Metal Packaging,AMBP,105,8/10/2022
AMC Entertainment Holdings,AMC,20,20/10/2022
AMCI Acquisition II,AMCI,61,16/10/2022
Amcor,AMCR,73,3/10/2022
AMC Networks,AMCX,13,16/10/2022
Advanced Micro Devices,AMD,100,16/10/2022
AMETEK,AME,136,15/10/2022
Amedisys,AMED,48,9/10/2022
Apollo Medical Holdings,AMEH,108,12/10/2022
Affiliated Managers Group,AMG,78,30/10/2022
Amgen,AMGN,23,6/10/2022
American Homes 4 Rent,AMH,86,29/10/2022
AssetMark Financial Holdings,AMK,122,25/10/2022
Amkor Technology,AMKR,47,27/10/2022
Amylyx Pharmaceuticals,AMLX,17,17/10/2022
AMN Healthcare Services,AMN,36,30/10/2022
American National Bankshares,AMNB,114,6/10/2022
Allied Motion Technologies,AMOT,115,4/10/2022
America Movil,AMOV,59,21/10/2022
Ameriprise Financial,AMP,71,17/10/2022
Ampio Pharmaceuticals,AMPE,75,12/10/2022
AmpliTech Group,AMPG,150,4/10/2022
Amphastar Pharmaceuticals,AMPH,129,28/10/2022
Advanced Merger Partners,AMPI,129,22/10/2022
Amplitude,AMPL,149,14/10/2022
Altus Power,AMPS,90,4/10/2022
Amplify Energy,AMPY,125,8/10/2022
Alpha Metallurgical Resources,AMR,81,17/10/2022
Ameresco,AMRC,111,21/10/2022
A-Mark Precious Metals,AMRK,3,4/10/2022
Amarin,AMRN,72,18/10/2022
Amyris,AMRS,80,11/10/2022
Amneal Pharmaceuticals,AMRX,33,17/10/2022
American Shared Hospital Services,AMS,6,14/10/2022
American Superconductor,AMSC,110,23/10/2022
AMERISAFE,AMSF,49,30/10/2022
Amesite,AMST,27,26/10/2022
American Software,AMSWA,84,24/10/2022
American Tower,AMT,12,5/10/2022
Amerant Bancorp,AMTB,36,1/10/2022
AMTD International,AMTD,77,3/10/2022
Applied Molecular Transport,AMTI,6,20/10/2022
Aemetis,AMTX,130,22/10/2022
American Woodmark,AMWD,138,26/10/2022
American Well,AMWL,24,13/10/2022
America Movil,AMX,76,25/10/2022
Amryt Pharma,AMYT,83,24/10/2022
Amazon.com,AMZN,32,14/10/2022
AutoNation,AN,96,26/10/2022
AnaptysBio,ANAB,144,30/10/2022
Arctos NorthStar Acquisition,ANAC,66,3/10/2022
The Andersons,ANDE,68,16/10/2022
Anebulo Pharmaceuticals,ANEB,8,11/10/2022
Arista Networks,ANET,131,24/10/2022
Abercrombie & Fitch Company,ANF,124,2/10/2022
Anghami,ANGH,29,24/10/2022
Angi Inc.,ANGI,100,24/10/2022
Angion Biomedica,ANGN,99,19/10/2022
AngioDynamics,ANGO,72,4/10/2022
Anika Therapeutics,ANIK,57,12/10/2022
ANI Pharmaceuticals,ANIP,140,20/10/2022
Anixa Biosciences,ANIX,141,24/10/2022
Annexon,ANNX,75,26/10/2022
AnPac Bio-Medical Science Co.,ANPC,99,21/10/2022
ANSYS,ANSS,26,30/10/2022
AirNet Technology,ANTE,60,6/10/2022
AN2 Therapeutics,ANTX,136,6/10/2022
Annovis Bio,ANVS,36,8/10/2022
Sphere 3D,ANY,39,11/10/2022
Anzu Special Acquisition I,ANZU,145,5/10/2022
Arogo Capital Acquisition,AOGO,106,26/10/2022
Angel Oak Mortgage,AOMR,82,4/10/2022
Aon plc,AON,124,15/10/2022
Artivion,AORT,110,1/10/2022
A. O. Smith,AOS,148,30/10/2022
Alpha & Omega Semiconductor,AOSL,134,27/10/2022
American Outdoor Brands,AOUT,28,9/10/2022
Ampco-Pittsburgh,AP,104,5/10/2022
APA Corporation,APA,23,9/10/2022
Stonebridge Acquisition,APAC,97,19/10/2022
Artisan Partners Asset Management,APAM,84,28/10/2022
AP Acquisition,APCA,150,18/10/2022
AppTech Payments,APCX,56,21/10/2022
Air Products & Chemicals,APD,87,16/10/2022
Applied DNA Sciences,APDN,42,12/10/2022
American Public Education,APEI,4,5/10/2022
Apollo Endosurgery,APEN,8,16/10/2022
APi Group,APG,35,20/10/2022
Apollo Strategic Growth Capital II,APGB,146,17/10/2022
Apexigen,APGN,35,12/10/2022
Amphenol,APH,56,6/10/2022
Agora,API,68,6/10/2022
Applied Blockchain,APLD,54,18/10/2022
Apple Hospitality REIT,APLE,28,6/10/2022
Apellis Pharmaceuticals,APLS,89,13/10/2022
Applied Therapeutics,APLT,122,18/10/2022
Aptorum Group,APM,115,18/10/2022
AxonPrime Infrastructure Acquisition,APMI,13,25/10/2022
Apeiron Capital Investment,APN,124,2/10/2022
Apollo Global Management,APO,31,28/10/2022
Apogee Enterprises,APOG,56,12/10/2022
AppLovin,APP,28,20/10/2022
AppFolio,APPF,11,1/10/2022
AppHarvest,APPH,144,6/10/2022
Appian,APPN,36,15/10/2022
Digital Turbine,APPS,48,15/10/2022
Aprea Therapeutics,APRE,86,18/10/2022
Blue Apron Holdings,APRN,120,1/10/2022
Alpha Pro Tech,APT,28,25/10/2022
Alpha Partners Technology Merger,APTM,89,17/10/2022
Aptose Biosciences,APTO,14,11/10/2022
Aptiv,APTV,47,19/10/2022
Aptinyx,APTX,70,16/10/2022
Aptevo Therapeutics,APVO,93,16/10/2022
Asia Pacific Wire & Cable,APWC,139,7/10/2022
APx Acquisition I,APXI,116,20/10/2022
Apyx Medical,APYX,56,23/10/2022
AquaBounty Technologies,AQB,21,14/10/2022
Aqua Metals,AQMS,37,23/10/2022
Algonquin Power & Utilities,AQN,23,13/10/2022
Aquestive Therapeutics,AQST,53,5/10/2022
Evoqua Water Technologies,AQUA,148,22/10/2022
Antero Resources,AR,93,6/10/2022
Aravive,ARAV,9,7/10/2022
Accuray,ARAY,84,4/10/2022
Arbe Robotics,ARBE,69,13/10/2022
Aequi Acquisition,ARBG,6,18/10/2022
Argo Blockchain,ARBK,107,22/10/2022
ARC Document Solutions,ARC,5,18/10/2022
ArcBest,ARCB,148,6/10/2022
Ares Capital,ARCC,104,6/10/2022
Arco Platform,ARCE,87,13/10/2022
Arch Resources,ARCH,86,27/10/2022
Arbor Rapha Capital Bioholdings I,ARCK,33,28/10/2022
Arcos Dorados Holdings,ARCO,70,16/10/2022
Arcturus Therapeutics Holdings,ARCT,82,11/10/2022
Aridis Pharmaceuticals,ARDS,14,30/10/2022
Ardelyx,ARDX,3,6/10/2022
Alexandria Real Estate Equities,ARE,8,21/10/2022
American Rebel Holdings,AREB,125,18/10/2022
American Resources,AREC,67,19/10/2022
Arena Group Holdings,AREN,56,4/10/2022
Ares Management,ARES,104,22/10/2022
Argo Group International Holdings,ARGO,22,11/10/2022
Argus Capital,ARGU,103,27/10/2022
Argenx SE,ARGX,107,17/10/2022
Arhaus,ARHS,96,3/10/2022
Apollo Commercial Real Estate Finance,ARI,27,16/10/2022
Aris Water Solutions,ARIS,31,10/10/2022
Arisz Acquisition,ARIZ,39,14/10/2022
ARKO Corp.,ARKO,35,2/10/2022
Ark Restaurants,ARKR,82,21/10/2022
American Realty Investors,ARL,63,28/10/2022
Arlo Technologies,ARLO,35,13/10/2022
Alliance Resource Partners,ARLP,121,1/10/2022
Aramark,ARMK,141,17/10/2022
Armata Pharmaceuticals,ARMP,34,20/10/2022
Arconic,ARNC,80,23/10/2022
Archrock,AROC,33,19/10/2022
Arrow Financial,AROW,39,5/10/2022
Arqit Quantum,ARQQ,33,1/10/2022
Arcutis Biotherapeutics,ARQT,50,10/10/2022
ARMOUR Residential REIT,ARR,112,12/10/2022
Arrowroot Acquisition,ARRW,127,2/10/2022
Array Technologies,ARRY,82,12/10/2022
Artemis Strategic Investment,ARTE,110,25/10/2022
Artelo Biosciences,ARTL,4,17/10/2022
Artesian Resources,ARTNA,122,15/10/2022
Art's-Way Manufacturing Co.,ARTW,115,30/10/2022
Arrival,ARVL,148,22/10/2022
Arvinas,ARVN,135,16/10/2022
Arrow Electronics,ARW,120,20/10/2022
Arrowhead Pharmaceuticals,ARWR,75,7/10/2022
ARYA Sciences Acquisition IV,ARYD,33,25/10/2022
Arya Sciences Acquisition V,ARYE,105,28/10/2022
ASA Gold and Precious Metals,ASA,29,8/10/2022
Sendas Distribuidora,ASAI,26,14/10/2022
Asana,ASAN,9,26/10/2022
Atlantic Street Acquisition,ASAQ,125,5/10/2022
Astrea Acquisition,ASAX,27,10/10/2022
Associated Banc-Corp,ASB,120,6/10/2022
Ardmore Shipping,ASC,27,1/10/2022
A SPAC I Acquisition,ASCA,127,1/10/2022
A SPAC II Acquisition,ASCB,24,6/10/2022
ASGN Incorporated,ASGN,21,29/10/2022
Ashland Global Holdings,ASH,145,16/10/2022
AdvanSix,ASIX,14,8/10/2022
AerSale,ASLE,137,10/10/2022
ASLAN Pharmaceuticals,ASLN,23,6/10/2022
Avino Silver & Gold Mines,ASM,60,4/10/2022
Assembly Biosciences,ASMB,33,15/10/2022
ASML Holding,ASML,108,8/10/2022
Ascendis Pharma,ASND,11,19/10/2022
Actelis Networks,ASNS,68,3/10/2022
Academy Sports and Outdoors,ASO,136,1/10/2022
Abri SPAC I,ASPA,49,29/10/2022
Aspen Aerogels,ASPN,112,15/10/2022
Altisource Portfolio Solutions,ASPS,131,10/10/2022
Aspen Group,ASPU,69,18/10/2022
Grupo Aeroportuario del Sureste,ASR,13,21/10/2022
Assertio Holdings,ASRT,136,2/10/2022
AmeriServ Financial,ASRV,105,21/10/2022
Astrotech,ASTC,36,26/10/2022
Astec Industries,ASTE,101,14/10/2022
Ascent Solar Technologies,ASTI,135,22/10/2022
Algoma Steel Group,ASTL,13,30/10/2022
Astra Space,ASTR,71,2/10/2022
AST SpaceMobile,ASTS,145,12/10/2022
Asure Software,ASUR,87,7/10/2022
ASE Technology Holding Company,ASX,30,18/10/2022
Asensus Surgical,ASXC,116,3/10/2022
Amtech Systems,ASYS,117,6/10/2022
Austerlitz Acquisition II,ASZ,30,17/10/2022
Americas Technology Acquisition,ATA,71,21/10/2022
ATAI Life Sciences,ATAI,110,27/10/2022
Aurora Technology Acquisition,ATAK,92,11/10/2022
Altimar Acquisition III,ATAQ,67,18/10/2022
America First Multifamily Investors LP,ATAX,87,20/10/2022
Atlas,ATCO,31,17/10/2022
Atlas Technical Consultants,ATCX,114,6/10/2022
Alphatec Holdings,ATEC,141,27/10/2022
Athena Technology Acquisition II,ATEK,66,13/10/2022
A10 Networks,ATEN,102,3/10/2022
Aterian,ATER,148,27/10/2022
Anterix,ATEX,93,9/10/2022
Adtalem Global Education,ATGE,113,18/10/2022
Athira Pharma,ATHA,117,9/10/2022
Alterity Therapeutics,ATHE,3,3/10/2022
Autohome,ATHM,115,30/10/2022
Athersys,ATHX,111,18/10/2022
Allegheny Technologies,ATI,96,24/10/2022
ATIF Holdings,ATIF,53,1/10/2022
ATI Physical Therapy,ATIP,140,10/10/2022
Atkore,ATKR,29,4/10/2022
Atlanticus Holdings,ATLC,97,14/10/2022
Ames National,ATLO,78,13/10/2022
180 Life Sciences,ATNF,39,2/10/2022
ATN International,ATNI,82,23/10/2022
Actinium Pharmaceuticals,ATNM,106,9/10/2022
Athenex,ATNX,124,25/10/2022
Atmos Energy,ATO,77,14/10/2022
Atomera,ATOM,115,26/10/2022
Atossa Therapeutics,ATOS,138,3/10/2022
AptarGroup,ATR,23,7/10/2022
Atara Biotherapeutics,ATRA,129,5/10/2022
AtriCure,ATRC,62,24/10/2022
Atrion,ATRI,32,17/10/2022
Astronics,ATRO,110,28/10/2022
Air Transport Services Group,ATSG,106,22/10/2022
Atento,ATTO,34,16/10/2022
Altice USA,ATUS,85,10/10/2022
Activision Blizzard,ATVI,141,15/10/2022
Avenue Therapeutics,ATXI,118,26/10/2022
Astria Therapeutics,ATXS,52,19/10/2022
AcuityAds Holdings,ATY,144,6/10/2022
AngloGold Ashanti,AU,70,15/10/2022
Atlantic Union Bankshares,AUB,18,30/10/2022
Auburn National Bancorporation,AUBN,67,22/10/2022
Audacy,AUD,65,21/10/2022
AudioCodes,AUDC,26,27/10/2022
Augmedix,AUGX,37,11/10/2022
Ipsidy,AUID,104,22/10/2022
Golden Minerals Company,AUMN,66,17/10/2022
Aurinia Pharmaceuticals,AUPH,14,22/10/2022
Aurora Innovation,AUR,35,25/10/2022
Aura Biosciences,AURA,53,16/10/2022
Aurora Acquisition,AURC,95,6/10/2022
Austerlitz Acquisition I,AUS,118,17/10/2022
Austin Gold,AUST,118,2/10/2022
Autolus Therapeutics,AUTL,66,6/10/2022
AutoWeb,AUTO,35,21/10/2022
Auddia,AUUD,5,2/10/2022
Applied UV,AUVI,35,27/10/2022
Yamana Gold,AUY,111,30/10/2022
Avista,AVA,82,21/10/2022
Avalon Acquisition,AVAC,70,20/10/2022
Aveanna Healthcare Holdings,AVAH,99,8/10/2022
Grupo Aval Acciones y Valores,AVAL,141,1/10/2022
Avanti Acquisition,AVAN,56,18/10/2022
AeroVironment,AVAV,109,3/10/2022
AvalonBay Communities,AVB,81,14/10/2022
Avalon GloboCare,AVCO,36,7/10/2022
American Virtual Cloud Technologies,AVCT,146,10/10/2022
American Vanguard,AVD,119,15/10/2022
Avadel Pharmaceuticals,AVDL,69,25/10/2022
AvidXchange Holdings,AVDX,78,17/10/2022
AVEO Pharmaceuticals,AVEO,140,1/10/2022
Broadcom,AVGO,11,18/10/2022
Avinger,AVGR,137,25/10/2022
Achari Ventures Holdings I,AVHI,63,28/10/2022
Avid Technology,AVID,122,19/10/2022
Atea Pharmaceuticals,AVIR,94,10/10/2022
Avalara,AVLR,122,26/10/2022
Avanos Medical,AVNS,62,17/10/2022
Avient,AVNT,75,17/10/2022
Aviat Networks,AVNW,23,8/10/2022
Mission Produce,AVO,107,11/10/2022
AvePoint,AVPT,70,9/10/2022
Avrobio,AVRO,36,18/10/2022
Avnet,AVT,55,2/10/2022
Aerovate Therapeutics,AVTE,72,8/10/2022
Avantor,AVTR,147,23/10/2022
Avalo Therapeutics,AVTX,118,3/10/2022
Anavex Life Sciences,AVXL,83,10/10/2022
Avery Dennison,AVY,41,22/10/2022
Avaya Holdings,AVYA,24,8/10/2022
Aspira Women's Health,AWH,88,29/10/2022
Armstrong World Industries,AWI,28,27/10/2022
American Water Works Company,AWK,22,12/10/2022
American States Water Company,AWR,83,2/10/2022
Aware,AWRE,103,28/10/2022
Avalon Holdings,AWX,91,2/10/2022
Axos Financial,AX,54,3/10/2022
AXIOS Sustainable Growth Acquisition,AXAC,63,17/10/2022
Accelerate Diagnostics,AXDX,97,22/10/2022
Axogen,AXGN,108,1/10/2022
Industrial Human Capital,AXH,4,11/10/2022
American Axle & Manufacturing Holdings,AXL,65,8/10/2022
Axcella Health,AXLA,68,14/10/2022
Axonics,AXNX,32,11/10/2022
Axon Enterprise,AXON,131,2/10/2022
American Express Company,AXP,60,20/10/2022
AMREP,AXR,76,7/10/2022
AXIS Capital Holdings,AXS,16,10/10/2022
Axsome Therapeutics,AXSM,76,18/10/2022
Axalta Coating Systems,AXTA,127,11/10/2022
AXT Inc.,AXTI,39,13/10/2022
Alexco Resource,AXU,63,13/10/2022
Atlantica Sustainable Infrastructure,AY,15,14/10/2022
Acuity Brands,AYI,18,26/10/2022
Ayala Pharmaceuticals,AYLA,69,3/10/2022
"AYRO, Inc.",AYRO,106,12/10/2022
Aytu BioPharma,AYTU,93,25/10/2022
Alteryx,AYX,43,19/10/2022
A2Z Smart Technologies,AZ,91,2/10/2022
The AZEK Company,AZEK,126,25/10/2022
AstraZeneca,AZN,69,30/10/2022
AutoZone,AZO,36,9/10/2022
AspenTech,AZPN,127,30/10/2022
Azure Power Global,AZRE,42,4/10/2022
Azenta,AZTA,35,1/10/2022
Azul S.A.,AZUL,51,27/10/2022
Aziyo Biologics,AZYO,39,15/10/2022
AZZ Inc.,AZZ,12,1/10/2022
Barnes Group,B,100,29/10/2022
The Boeing Company,BA,120,22/10/2022
Alibaba Group Holding,BABA,128,25/10/2022
Bank of America,BAC,39,26/10/2022
Berenson Acquisition I,BACA,132,7/10/2022
IMAC Holdings,BACK,11,24/10/2022
BayFirst Financial,BAFN,42,20/10/2022
Booz Allen Hamilton Holding,BAH,107,4/10/2022
Braskem,BAK,31,8/10/2022
Ball Corporation,BALL,13,28/10/2022
Bally's,BALY,127,5/10/2022
Brookfield Asset Management,BAM,45,18/10/2022
Brookfield Asset Management Reinsurance Partners,BAMR,31,17/10/2022
Banc of California,BANC,75,20/10/2022
Bandwidth,BAND,33,26/10/2022
BancFirst,BANF,44,6/10/2022
Banner,BANR,21,17/10/2022
StoneCastle Financial,BANX,49,7/10/2022
Baosheng Media Group Holdings,BAOS,15,30/10/2022
Credicorp,BAP,108,20/10/2022
The Original BARK Company,BARK,91,19/10/2022
Couchbase,BASE,64,19/10/2022
Battalion Oil,BATL,65,22/10/2022
Baxter International,BAX,67,26/10/2022
BlackBerry,BB,82,25/10/2022
BigBear.ai Holdings,BBAI,31,3/10/2022
Banco BBVA Argentina,BBAR,34,12/10/2022
Bed Bath & Beyond,BBBY,34,15/10/2022
Concrete Pumping Holdings,BBCP,139,21/10/2022
Banco Bradesco,BBD,15,20/10/2022
Barings BDC,BBDC,64,22/10/2022
Banco Bradesco,BBDO,95,19/10/2022
Beasley Broadcast Group,BBGI,20,4/10/2022
Brickell Biotech,BBI,32,29/10/2022
Vinco Ventures,BBIG,147,9/10/2022
BridgeBio Pharma,BBIO,97,4/10/2022
Bone Biologics,BBLG,17,20/10/2022
Babylon Holdings,BBLN,5,16/10/2022
BBQ Holdings,BBQ,84,10/10/2022
Barrett Business Services,BBSI,53,20/10/2022
Brookfield Business Partners,BBU,20,17/10/2022
Brookfield Business,BBUC,10,22/10/2022
Banco Bilbao Vizcaya Argentaria,BBVA,54,9/10/2022
Build-A-Bear Workshop,BBW,77,30/10/2022
Bath & Body Works,BBWI,40,23/10/2022
Best Buy Co.,BBY,148,3/10/2022
Brunswick,BC,38,29/10/2022
BioAtla,BCAB,150,4/10/2022
BYND Cannasoft Enterprises,BCAN,103,17/10/2022
BCB Bancorp,BCBP,86,6/10/2022
Boise Cascade Company,BCC,49,29/10/2022
BioCardia,BCDA,44,11/10/2022
"BCE, Inc.",BCE,8,13/10/2022
Atreca,BCEL,85,22/10/2022
Banco de Chile,BCH,89,22/10/2022
Brainstorm Cell Therapeutics,BCLI,136,20/10/2022
BayCom,BCML,34,1/10/2022
The Brink's Company,BCO,32,6/10/2022
Blucora,BCOR,114,11/10/2022
Brightcove,BCOV,102,18/10/2022
1895 Bancorp of Wisconsin,BCOW,13,18/10/2022
Balchem,BCPC,20,14/10/2022
BioCryst Pharmaceuticals,BCRX,86,12/10/2022
Barclays,BCS,148,12/10/2022
Blockchain Coinvestors Acquisition I,BCSA,73,13/10/2022
Bain Capital Specialty Finance,BCSF,48,12/10/2022
BriaCell Therapeutics,BCTX,134,12/10/2022
Bicycle Therapeutics,BCYC,128,6/10/2022
Belden,BDC,103,22/10/2022
Flanigan's Enterprises,BDL,102,23/10/2022
Brandywine Realty Trust,BDN,41,24/10/2022
Biodesix,BDSX,38,5/10/2022
Black Diamond Therapeutics,BDTX,30,27/10/2022
"Becton, Dickinson and Company",BDX,140,22/10/2022
Bloom Energy,BE,47,5/10/2022
Beam Therapeutics,BEAM,88,6/10/2022
HeartBeam,BEAT,13,2/10/2022
Beacon Roofing Supply,BECN,17,20/10/2022
Bright Scholar Education Holdings,BEDU,8,1/10/2022
Beam Global,BEEM,90,7/10/2022
KE Holdings,BEKE,63,29/10/2022
Bel Fuse,BELFA,14,19/10/2022
Bel Fuse,BELFB,144,20/10/2022
Franklin Resources,BEN,57,16/10/2022
Benessere Capital Acquisition,BENE,58,10/10/2022
Brookfield Renewable Partners,BEP,31,11/10/2022
Brookfield Renewable,BEPC,114,24/10/2022
Berry Global Group,BERY,102,14/10/2022
BEST Inc.,BEST,104,1/10/2022
Brown-Forman,BF.A,125,2/10/2022
Brown-Forman,BF.B,44,3/10/2022
Battery Future Acquisition,BFAC,16,2/10/2022
Bright Horizons Family Solutions,BFAM,52,13/10/2022
Bank First,BFC,72,17/10/2022
Bread Financial Holdings,BFH,54,17/10/2022
BurgerFi International,BFI,133,18/10/2022
BankFinancial,BFIN,6,12/10/2022
Butterfly Network,BFLY,18,26/10/2022
Biofrontera,BFRI,101,24/10/2022
Saul Centers,BFS,137,10/10/2022
Business First Bancshares,BFST,128,5/10/2022
Bunge,BG,72,27/10/2022
BGC Partners,BGCP,47,13/10/2022
Big 5 Sporting Goods,BGFV,92,7/10/2022
Birks Group,BGI,39,23/10/2022
BeiGene,BGNE,111,11/10/2022
Berkshire Grey,BGRY,86,24/10/2022
B&G Foods,BGS,143,28/10/2022
BG Staffing,BGSF,38,20/10/2022
Build Acquisition,BGSX,33,14/10/2022
Bright Green,BGXX,35,29/10/2022
Biglari Holdings,BH,124,12/10/2022
Biglari Holdings,BH.A,127,30/10/2022
Crixus BH3 Acquisition,BHAC,1,8/10/2022
Blue Hat Interactive Entertainment Technology,BHAT,103,20/10/2022
Bar Harbor Bankshares,BHB,71,20/10/2022
Bausch Health Companies,BHC,18,25/10/2022
Benchmark Electronics,BHE,34,12/10/2022
Brighthouse Financial,BHF,8,24/10/2022
Bright Health Group,BHG,87,25/10/2022
Benson Hill,BHIL,32,7/10/2022
Berkshire Hills Bancorp,BHLB,66,25/10/2022
BHP Group,BHP,89,4/10/2022
Braemar Hotels & Resorts,BHR,47,2/10/2022
Bull Horn Holdings,BHSE,148,3/10/2022
Biohaven Pharmaceutical Holding Co.,BHVN,101,11/10/2022
Baidu,BIDU,97,10/10/2022
Big Lots,BIG,94,29/10/2022
BigCommerce Holdings,BIGC,105,11/10/2022
Biogen,BIIB,47,28/10/2022
Bilibili,BILI,4,5/10/2022
Bill.com Holdings,BILL,9,17/10/2022
BIMI International Medical,BIMI,120,27/10/2022
Bio-Rad Laboratories,BIO,12,21/10/2022
Biocept,BIOC,148,29/10/2022
BIOLASE,BIOL,36,26/10/2022
Biora Therapeutics,BIOR,89,22/10/2022
BioPlus Acquisition,BIOS,2,12/10/2022
Biotech Acquisition Company,BIOT,70,4/10/2022
Bioceres Crop Solutions,BIOX,31,28/10/2022
Brookfield Infrastructure Partners LP,BIP,135,6/10/2022
Brookfield Infrastructure,BIPC,72,25/10/2022
Allbirds,BIRD,143,11/10/2022
Bite Acquisition,BITE,91,12/10/2022
Bitfarms,BITF,15,2/10/2022
BioVie,BIVI,52,13/10/2022
BJ's Wholesale Club Holdings,BJ,92,18/10/2022
Bluejay Diagnostics,BJDX,51,18/10/2022
BJ's Restaurants,BJRI,29,26/10/2022
Bank of New York Mellon,BK,32,2/10/2022
BlackRock Capital Investment,BKCC,32,20/10/2022
Brookdale Senior Living,BKD,98,19/10/2022
The Buckle,BKE,85,16/10/2022
Black Hills,BKH,98,23/10/2022
Black Knight,BKI,41,1/10/2022
Bakkt Holdings,BKKT,63,18/10/2022
Booking Holdings,BKNG,145,22/10/2022
Baker Hughes Company,BKR,18,11/10/2022
Bank of South Carolina,BKSC,150,28/10/2022
BlackSky Technology,BKSY,115,13/10/2022
BK Technologies,BKTI,49,29/10/2022
BankUnited,BKU,113,25/10/2022
BIO-key International,BKYI,32,25/10/2022
BlackLine,BL,149,18/10/2022
Blue Bird,BLBD,52,23/10/2022
Blackboxstocks,BLBX,150,20/10/2022
Bellicum Pharmaceuticals,BLCM,60,8/10/2022
Bausch + Lomb,BLCO,69,8/10/2022
TopBuild,BLD,112,17/10/2022
Blade Air Mobility,BLDE,131,30/10/2022
Ballard Power Systems,BLDP,112,17/10/2022
Builders FirstSource,BLDR,148,20/10/2022
bleuacacia ltd.,BLEU,36,30/10/2022
BioLife Solutions,BLFS,58,21/10/2022
Blue Foundry Bancorp,BLFY,136,10/10/2022
Berkeley Lights,BLI,138,16/10/2022
Bridgeline Digital,BLIN,117,7/10/2022
BlackRock,BLK,82,11/10/2022
Blackbaud,BLKB,132,30/10/2022
Bloomin' Brands,BLMN,109,2/10/2022
Blend Labs,BLND,86,16/10/2022
Belong Acquisition,BLNG,35,3/10/2022
Blink Charging Co.,BLNK,4,18/10/2022
Bellerophon Therapeutics,BLPH,122,10/10/2022
BioLineRx,BLRX,39,5/10/2022
BCLS Acquisition,BLSA,59,10/10/2022
Belite Bio,BLTE,88,16/10/2022
Bright Lights Acquisition,BLTS,20,20/10/2022
BELLUS Health,BLU,34,25/10/2022
BlueRiver Acquisition,BLUA,86,17/10/2022
Bluebird Bio,BLUE,34,4/10/2022
Banco Latinoamericano de Comercio Exterior,BLX,150,12/10/2022
Backblaze,BLZE,123,8/10/2022
Banco Macro,BMA,80,4/10/2022
Black Mountain Acquisition,BMAC,105,15/10/2022
Blockchain Moon Acquisition,BMAQ,80,1/10/2022
Bumble,BMBL,41,18/10/2022
Biomea Fusion,BMEA,8,18/10/2022
Badger Meter,BMI,16,16/10/2022
Bank of Montreal,BMO,57,9/10/2022
Biomerica,BMRA,122,2/10/2022
Bank of Marin Bancorp,BMRC,45,23/10/2022
BioMarin Pharmaceutical,BMRN,140,18/10/2022
BM Technologies,BMTX,120,21/10/2022
Bristol-Myers Squibb Company,BMY,144,3/10/2022
Barnes & Noble Education,BNED,87,15/10/2022
Benefitfocus,BNFT,26,6/10/2022
BioNano Genomics,BNGO,37,25/10/2022
Bannix Acquisition,BNIX,3,20/10/2022
Broadstone Net Lease,BNL,82,12/10/2022
Banner Acquisition,BNNR,133,19/10/2022
Bionomics,BNOX,100,22/10/2022
Burning Rock Biotech,BNR,113,22/10/2022
Brenmiller Energy,BNRG,57,20/10/2022
The Bank of Nova Scotia,BNS,104,5/10/2022
Bonso Electronics International,BNSO,20,13/10/2022
Benitec Biopharma,BNTC,4,24/10/2022
BioNTech SE,BNTX,29,3/10/2022
Bluescape Opportunities Acquisition,BOAC,57,11/10/2022
BOA Acquisition,BOAS,105,26/10/2022
Boston Omaha,BOC,128,23/10/2022
Blue Ocean Acquisition,BOCN,19,29/10/2022
The Beachbody Company,BODY,1,17/10/2022
Bank of Hawaii,BOH,147,9/10/2022
BOK Financial,BOKF,97,13/10/2022
Bolt Biotherapeutics,BOLT,20,12/10/2022
Bon Natural Life,BON,136,3/10/2022
DMC Global,BOOM,54,14/10/2022
Boot Barn Holdings,BOOT,35,10/10/2022
Borr Drilling,BORR,110,30/10/2022
BOS Better Online Solutions,BOSC,106,23/10/2022
Bank of the James Financial Group,BOTJ,98,10/10/2022
Bowlero,BOWL,59,8/10/2022
"Box, Inc.",BOX,42,23/10/2022
Boxed,BOXD,53,30/10/2022
Boxlight,BOXL,133,5/10/2022
BP plc,BP,8,16/10/2022
Bullpen Parlay Acquisition Company,BPAC,105,26/10/2022
Blueprint Medicines,BPMC,53,29/10/2022
Popular,BPOP,16,27/10/2022
The Bank of Princeton,BPRN,132,12/10/2022
BP Prudhoe Bay Royalty Trust,BPT,63,6/10/2022
Bio-Path Holdings,BPTH,129,3/10/2022
Biophytis,BPTS,40,11/10/2022
Boqii Holding,BQ,19,23/10/2022
Broadridge Financial Solutions,BR,129,20/10/2022
Broad Capital Acquisition,BRAC,114,11/10/2022
Bragg Gaming Group,BRAG,129,1/10/2022
Bellring Brands,BRBR,115,9/10/2022
Blue Ridge Bankshares,BRBS,142,12/10/2022
Brady,BRC,43,19/10/2022
BRC Inc.,BRCC,11,22/10/2022
Burcon NutraScience,BRCN,103,19/10/2022
Beard Energy Transition Acquisition,BRD,148,5/10/2022
Bridge Investment Group Holdings,BRDG,76,4/10/2022
Bird Global,BRDS,127,10/10/2022
Breeze Holdings Acquisition,BREZ,8,27/10/2022
Barfresh Food Group,BRFH,48,12/10/2022
BRF S.A.,BRFS,71,18/10/2022
Bluerock Residential Growth REIT,BRG,63,17/10/2022
Bridgford Foods,BRID,139,6/10/2022
B. Riley Principal 250 Merger,BRIV,114,3/10/2022
Berkshire Hathaway,BRK.A,121,5/10/2022
Berkshire Hathaway,BRK.B,14,5/10/2022
BurTech Acquisition,BRKH,145,21/10/2022
Brookline Bancorp,BRKL,4,13/10/2022
Bruker,BRKR,89,18/10/2022
Brilliant Acquisition,BRLI,22,17/10/2022
Brilliant Earth Group,BRLT,129,14/10/2022
Broadmark Realty Capital,BRMK,130,21/10/2022
Barnwell Industries,BRN,126,15/10/2022
Brown & Brown,BRO,1,24/10/2022
Brooge Energy,BROG,88,10/10/2022
Dutch Bros,BROS,93,26/10/2022
BRP Group,BRP,101,19/10/2022
Borqs Technologies,BRQS,110,6/10/2022
Bruush Oral Care,BRSH,26,7/10/2022
BrightSpire Capital,BRSP,5,20/10/2022
BRT Apartments,BRT,67,10/10/2022
BioRestorative Therapies,BRTX,55,23/10/2022
Brixmor Property Group,BRX,91,11/10/2022
Berry,BRY,120,28/10/2022
Braze,BRZE,85,29/10/2022
Banco Santander-Chile,BSAC,146,14/10/2022
Black Spade Acquisition Co.,BSAQ,73,18/10/2022
Bogota Financial,BSBK,13,6/10/2022
Banco Santander Brasil,BSBR,15,15/10/2022
Bassett Furniture Industries,BSET,113,7/10/2022
Blue Star Foods,BSFC,76,18/10/2022
Blue Safari Group Acquisition,BSGA,15,24/10/2022
BioSig Technologies,BSGM,146,26/10/2022
BrightSphere Investment Group,BSIG,132,25/10/2022
Big Sky Growth Partners,BSKY,70,5/10/2022
Black Stone Minerals,BSM,35,2/10/2022
Banco Santander Mexico,BSMX,101,21/10/2022
Bsquare,BSQR,82,22/10/2022
Sierra Bancorp,BSRR,142,26/10/2022
Bank7,BSVN,27,13/10/2022
Boston Scientific,BSX,64,23/10/2022
Bentley Systems,BSY,16,14/10/2022
BioXcel Therapeutics,BTAI,2,29/10/2022
Bit Brother,BTB,123,12/10/2022
BT Brands,BTBD,28,24/10/2022
Bit Digital,BTBT,77,16/10/2022
BIT Mining,BTCM,30,1/10/2022
BTCS Inc.,BTCS,127,10/10/2022
Biotricity,BTCY,63,21/10/2022
B2Gold,BTG,16,28/10/2022
British American Tobacco,BTI,35,4/10/2022
Ballantyne Strong,BTN,12,20/10/2022
China Xiangtai Food Co.,BTOG,150,12/10/2022
BTRS Holdings,BTRS,23,15/10/2022
Better Choice Company,BTTR,102,9/10/2022
Better Therapeutics,BTTX,75,14/10/2022
Peabody Energy,BTU,29,20/10/2022
Bridgetown Holdings,BTWN,105,3/10/2022
Brooklyn ImmunoTherapeutics,BTX,5,22/10/2022
Anheuser-Busch InBev,BUD,128,9/10/2022
Burford Capital,BUR,66,21/10/2022
Burlington Stores,BURL,24,20/10/2022
First Busey,BUSE,86,23/10/2022
BrightView Holdings,BV,74,26/10/2022
Bluegreen Vacations Holding,BVH,120,12/10/2022
Compania de Minas Buenaventura SAA,BVN,87,18/10/2022
Bioventus,BVS,35,1/10/2022
BiondVax Pharmaceuticals,BVXV,92,3/10/2022
Babcock & Wilcox Enterprises,BW,7,24/10/2022
BorgWarner,BWA,55,20/10/2022
Better World Acquisition,BWAC,60,21/10/2022
Blue World Acquisition,BWAQ,132,1/10/2022
Brainsway,BWAY,3,24/10/2022
Bridgewater Bancshares,BWB,50,18/10/2022
Blue Whale Acquisition I,BWC,56,29/10/2022
Broadwind,BWEN,30,2/10/2022
Bankwell Financial Group,BWFG,38,10/10/2022
Bowman Consulting Group,BWMN,74,27/10/2022
Betterware de Mexico,BWMX,15,10/10/2022
Blue Water Vaccines,BWV,107,16/10/2022
BWX Technologies,BWXT,146,20/10/2022
Blackstone,BX,113,22/10/2022
BlueLinx Holdings,BXC,101,24/10/2022
Blackstone Mortgage Trust,BXMT,64,24/10/2022
Boston Properties,BXP,13,3/10/2022
Baudax Bio,BXRX,43,19/10/2022
Byline Bancorp,BY,97,27/10/2022
Boyd Gaming,BYD,126,23/10/2022
Broadway Financial,BYFC,150,17/10/2022
Banyan Acquisition,BYN,60,3/10/2022
Beyond Meat,BYND,141,4/10/2022
byNordic Acquisition,BYNO,41,6/10/2022
Byrna Technologies,BYRN,109,20/10/2022
BeyondSpring,BYSI,134,24/10/2022
BYTE Acquisition,BYTS,18,15/10/2022
